province,type,scenario,year,value,unit
all,Total,high,2005,482.1959717855,Million cubic metres Per Day
AB,Total,high,2005,374.6352794538,Million cubic metres Per Day
BC,Total,high,2005,74.3321718931,Million cubic metres Per Day
MB,Total,high,2005,0,Million cubic metres Per Day
NB,Total,high,2005,0.0566556188,Million cubic metres Per Day
NL,Total,high,2005,0,Million cubic metres Per Day
NS,Total,high,2005,10.9628622419,Million cubic metres Per Day
NT,Total,high,2005,1.1614401858,Million cubic metres Per Day
NU,Total,high,2005,0,Million cubic metres Per Day
ON,Total,high,2005,0.7081952353,Million cubic metres Per Day
PE,Total,high,2005,0,Million cubic metres Per Day
QC,Total,high,2005,0,Million cubic metres Per Day
SK,Total,high,2005,19.9144500156,Million cubic metres Per Day
YT,Total,high,2005,0.4249171412,Million cubic metres Per Day
all,Total,high,2006,484.575507776,Million cubic metres Per Day
AB,Total,high,2006,379.0260899125,Million cubic metres Per Day
BC,Total,high,2006,73.7656157049,Million cubic metres Per Day
MB,Total,high,2006,0,Million cubic metres Per Day
NB,Total,high,2006,0.0566556188,Million cubic metres Per Day
NL,Total,high,2006,0,Million cubic metres Per Day
NS,Total,high,2006,9.8864054843,Million cubic metres Per Day
NT,Total,high,2006,0.7081952353,Million cubic metres Per Day
NU,Total,high,2006,0,Million cubic metres Per Day
ON,Total,high,2006,0.7081952353,Million cubic metres Per Day
PE,Total,high,2006,0,Million cubic metres Per Day
QC,Total,high,2006,0,Million cubic metres Per Day
SK,Total,high,2006,20.1127446815,Million cubic metres Per Day
YT,Total,high,2006,0.3116059035,Million cubic metres Per Day
all,Total,high,2007,476.7570323787,Million cubic metres Per Day
AB,Total,high,2007,370.8960086117,Million cubic metres Per Day
BC,Total,high,2007,74.048893799,Million cubic metres Per Day
MB,Total,high,2007,0,Million cubic metres Per Day
NB,Total,high,2007,0.4249171412,Million cubic metres Per Day
NL,Total,high,2007,0,Million cubic metres Per Day
NS,Total,high,2007,11.246140336,Million cubic metres Per Day
NT,Total,high,2007,0.7081952353,Million cubic metres Per Day
NU,Total,high,2007,0,Million cubic metres Per Day
ON,Total,high,2007,0.5948839976,Million cubic metres Per Day
PE,Total,high,2007,0,Million cubic metres Per Day
QC,Total,high,2007,0,Million cubic metres Per Day
SK,Total,high,2007,18.6396985921,Million cubic metres Per Day
YT,Total,high,2007,0.1982946659,Million cubic metres Per Day
all,Total,high,2008,457.0125492196,Million cubic metres Per Day
AB,Total,high,2008,350.1600521232,Million cubic metres Per Day
BC,Total,high,2008,75.7485623637,Million cubic metres Per Day
MB,Total,high,2008,0,Million cubic metres Per Day
NB,Total,high,2008,0.7648508541,Million cubic metres Per Day
NL,Total,high,2008,0,Million cubic metres Per Day
NS,Total,high,2008,11.7277130959,Million cubic metres Per Day
NT,Total,high,2008,0.5099005694,Million cubic metres Per Day
NU,Total,high,2008,0,Million cubic metres Per Day
ON,Total,high,2008,0.5382283788,Million cubic metres Per Day
PE,Total,high,2008,0,Million cubic metres Per Day
QC,Total,high,2008,0,Million cubic metres Per Day
SK,Total,high,2008,17.4216027875,Million cubic metres Per Day
YT,Total,high,2008,0.1416390471,Million cubic metres Per Day
all,Total,high,2009,427.9482167644,Million cubic metres Per Day
AB,Total,high,2009,325.2032520325,Million cubic metres Per Day
BC,Total,high,2009,75.7202345543,Million cubic metres Per Day
MB,Total,high,2009,0,Million cubic metres Per Day
NB,Total,high,2009,0.6515396164,Million cubic metres Per Day
NL,Total,high,2009,0,Million cubic metres Per Day
NS,Total,high,2009,9.2065380584,Million cubic metres Per Day
NT,Total,high,2009,0.48157276,Million cubic metres Per Day
NU,Total,high,2009,0,Million cubic metres Per Day
ON,Total,high,2009,0.48157276,Million cubic metres Per Day
PE,Total,high,2009,0,Million cubic metres Per Day
QC,Total,high,2009,0,Million cubic metres Per Day
SK,Total,high,2009,16.0901957452,Million cubic metres Per Day
YT,Total,high,2009,0.1133112376,Million cubic metres Per Day
all,Total,high,2010,412.9628055862,Million cubic metres Per Day
AB,Total,high,2010,307.2717486757,Million cubic metres Per Day
BC,Total,high,2010,81.5557632928,Million cubic metres Per Day
MB,Total,high,2010,0,Million cubic metres Per Day
NB,Total,high,2010,0.5099005694,Million cubic metres Per Day
NL,Total,high,2010,0,Million cubic metres Per Day
NS,Total,high,2010,8.3567037761,Million cubic metres Per Day
NT,Total,high,2010,0.5287857757,Million cubic metres Per Day
NU,Total,high,2010,0,Million cubic metres Per Day
ON,Total,high,2010,0.4532449506,Million cubic metres Per Day
PE,Total,high,2010,0,Million cubic metres Per Day
QC,Total,high,2010,0,Million cubic metres Per Day
SK,Total,high,2010,14.2488881335,Million cubic metres Per Day
YT,Total,high,2010,0.0377704125,Million cubic metres Per Day
all,Total,high,2011,412.7645109204,Million cubic metres Per Day
AB,Total,high,2011,294.042661681,Million cubic metres Per Day
BC,Total,high,2011,97.1360584686,Million cubic metres Per Day
MB,Total,high,2011,0,Million cubic metres Per Day
NB,Total,high,2011,0.4532449506,Million cubic metres Per Day
NL,Total,high,2011,0,Million cubic metres Per Day
NS,Total,high,2011,7.1669357809,Million cubic metres Per Day
NT,Total,high,2011,0.48157276,Million cubic metres Per Day
NU,Total,high,2011,0,Million cubic metres Per Day
ON,Total,high,2011,0.4249171412,Million cubic metres Per Day
PE,Total,high,2011,0,Million cubic metres Per Day
QC,Total,high,2011,0,Million cubic metres Per Day
SK,Total,high,2011,13.0307923288,Million cubic metres Per Day
YT,Total,high,2011,0.0283278094,Million cubic metres Per Day
all,Total,high,2012,393.898189853,Million cubic metres Per Day
AB,Total,high,2012,277.7258434605,Million cubic metres Per Day
BC,Total,high,2012,97.4193365627,Million cubic metres Per Day
MB,Total,high,2012,0,Million cubic metres Per Day
NB,Total,high,2012,0.3399337129,Million cubic metres Per Day
NL,Total,high,2012,0,Million cubic metres Per Day
NS,Total,high,2012,5.4106115974,Million cubic metres Per Day
NT,Total,high,2012,0.4626875537,Million cubic metres Per Day
NU,Total,high,2012,0,Million cubic metres Per Day
ON,Total,high,2012,0.3965893317,Million cubic metres Per Day
PE,Total,high,2012,0,Million cubic metres Per Day
QC,Total,high,2012,0,Million cubic metres Per Day
SK,Total,high,2012,12.1243024277,Million cubic metres Per Day
YT,Total,high,2012,0.0188852063,Million cubic metres Per Day
all,Total,high,2013,397.7224441234,Million cubic metres Per Day
AB,Total,high,2013,274.4114897595,Million cubic metres Per Day
BC,Total,high,2013,105.7477125294,Million cubic metres Per Day
MB,Total,high,2013,0,Million cubic metres Per Day
NB,Total,high,2013,0.3116059035,Million cubic metres Per Day
NL,Total,high,2013,0,Million cubic metres Per Day
NS,Total,high,2013,4.8440554092,Million cubic metres Per Day
NT,Total,high,2013,0.3399337129,Million cubic metres Per Day
NU,Total,high,2013,0,Million cubic metres Per Day
ON,Total,high,2013,0.3399337129,Million cubic metres Per Day
PE,Total,high,2013,0,Million cubic metres Per Day
QC,Total,high,2013,0,Million cubic metres Per Day
SK,Total,high,2013,11.7277130959,Million cubic metres Per Day
YT,Total,high,2013,0,Million cubic metres Per Day
all,Total,high,2014,415.4556528144,Million cubic metres Per Day
AB,Total,high,2014,280.4169853545,Million cubic metres Per Day
BC,Total,high,2014,112.7730092632,Million cubic metres Per Day
MB,Total,high,2014,0,Million cubic metres Per Day
NB,Total,high,2014,0.2549502847,Million cubic metres Per Day
NL,Total,high,2014,0,Million cubic metres Per Day
NS,Total,high,2014,9.1215546302,Million cubic metres Per Day
NT,Total,high,2014,0.3116059035,Million cubic metres Per Day
NU,Total,high,2014,0,Million cubic metres Per Day
ON,Total,high,2014,0.2832780941,Million cubic metres Per Day
PE,Total,high,2014,0,Million cubic metres Per Day
QC,Total,high,2014,0,Million cubic metres Per Day
SK,Total,high,2014,12.2942692842,Million cubic metres Per Day
YT,Total,high,2014,0,Million cubic metres Per Day
all,Total,high,2015,424.1522903034,Million cubic metres Per Day
AB,Total,high,2015,279.1705617405,Million cubic metres Per Day
BC,Total,high,2015,126.5403246367,Million cubic metres Per Day
MB,Total,high,2015,0,Million cubic metres Per Day
NB,Total,high,2015,0.1699668565,Million cubic metres Per Day
NL,Total,high,2015,0,Million cubic metres Per Day
NS,Total,high,2015,5.4672672162,Million cubic metres Per Day
NT,Total,high,2015,0.2266224753,Million cubic metres Per Day
NU,Total,high,2015,0,Million cubic metres Per Day
ON,Total,high,2015,0.3116059035,Million cubic metres Per Day
PE,Total,high,2015,0,Million cubic metres Per Day
QC,Total,high,2015,0,Million cubic metres Per Day
SK,Total,high,2015,12.2659414747,Million cubic metres Per Day
YT,Total,high,2015,0,Million cubic metres Per Day
all,Total,high,2016,439.307668338,Million cubic metres Per Day
AB,Total,high,2016,273.0234270984,Million cubic metres Per Day
BC,Total,high,2016,148.5793603581,Million cubic metres Per Day
MB,Total,high,2016,0,Million cubic metres Per Day
NB,Total,high,2016,0.1133112376,Million cubic metres Per Day
NL,Total,high,2016,0,Million cubic metres Per Day
NS,Total,high,2016,5.2406447409,Million cubic metres Per Day
NT,Total,high,2016,0.2266224753,Million cubic metres Per Day
NU,Total,high,2016,0,Million cubic metres Per Day
ON,Total,high,2016,0.2832780941,Million cubic metres Per Day
PE,Total,high,2016,0,Million cubic metres Per Day
QC,Total,high,2016,0,Million cubic metres Per Day
SK,Total,high,2016,11.8410243336,Million cubic metres Per Day
YT,Total,high,2016,0,Million cubic metres Per Day
all,Total,high,2017,444.1233959378,Million cubic metres Per Day
AB,Total,high,2017,274.7514234724,Million cubic metres Per Day
BC,Total,high,2017,152.4885980567,Million cubic metres Per Day
MB,Total,high,2017,0,Million cubic metres Per Day
NB,Total,high,2017,0.0566556188,Million cubic metres Per Day
NL,Total,high,2017,0,Million cubic metres Per Day
NS,Total,high,2017,4.759071981,Million cubic metres Per Day
NT,Total,high,2017,0.1699668565,Million cubic metres Per Day
NU,Total,high,2017,0,Million cubic metres Per Day
ON,Total,high,2017,0.2549502847,Million cubic metres Per Day
PE,Total,high,2017,0,Million cubic metres Per Day
QC,Total,high,2017,0,Million cubic metres Per Day
SK,Total,high,2017,11.6427296677,Million cubic metres Per Day
YT,Total,high,2017,0,Million cubic metres Per Day
all,Total,high,2018,456.5309764596,Million cubic metres Per Day
AB,Total,high,2018,281.7483923968,Million cubic metres Per Day
BC,Total,high,2018,159.0323220305,Million cubic metres Per Day
MB,Total,high,2018,0,Million cubic metres Per Day
NB,Total,high,2018,0.0283278094,Million cubic metres Per Day
NL,Total,high,2018,0,Million cubic metres Per Day
NS,Total,high,2018,3.9658933175,Million cubic metres Per Day
NT,Total,high,2018,0.1416390471,Million cubic metres Per Day
NU,Total,high,2018,0,Million cubic metres Per Day
ON,Total,high,2018,0.2266224753,Million cubic metres Per Day
PE,Total,high,2018,0,Million cubic metres Per Day
QC,Total,high,2018,0,Million cubic metres Per Day
SK,Total,high,2018,11.387779383,Million cubic metres Per Day
YT,Total,high,2018,0,Million cubic metres Per Day
all,Total,high,2019,468.0037392708,Million cubic metres Per Day
AB,Total,high,2019,289.0003116059,Million cubic metres Per Day
BC,Total,high,2019,164.4146058185,Million cubic metres Per Day
MB,Total,high,2019,0,Million cubic metres Per Day
NB,Total,high,2019,0.0283278094,Million cubic metres Per Day
NL,Total,high,2019,0,Million cubic metres Per Day
NS,Total,high,2019,3.1443868446,Million cubic metres Per Day
NT,Total,high,2019,0.1133112376,Million cubic metres Per Day
NU,Total,high,2019,0,Million cubic metres Per Day
ON,Total,high,2019,0.1699668565,Million cubic metres Per Day
PE,Total,high,2019,0,Million cubic metres Per Day
QC,Total,high,2019,0,Million cubic metres Per Day
SK,Total,high,2019,11.1328290983,Million cubic metres Per Day
YT,Total,high,2019,0,Million cubic metres Per Day
all,Total,high,2020,478.088439421,Million cubic metres Per Day
AB,Total,high,2020,295.7989858644,Million cubic metres Per Day
BC,Total,high,2020,168.6921050395,Million cubic metres Per Day
MB,Total,high,2020,0,Million cubic metres Per Day
NB,Total,high,2020,0,Million cubic metres Per Day
NL,Total,high,2020,0,Million cubic metres Per Day
NS,Total,high,2020,2.4078637999,Million cubic metres Per Day
NT,Total,high,2020,0.0849834282,Million cubic metres Per Day
NU,Total,high,2020,0,Million cubic metres Per Day
ON,Total,high,2020,0.1416390471,Million cubic metres Per Day
PE,Total,high,2020,0,Million cubic metres Per Day
QC,Total,high,2020,0,Million cubic metres Per Day
SK,Total,high,2020,10.9628622419,Million cubic metres Per Day
YT,Total,high,2020,0,Million cubic metres Per Day
all,Total,high,2021,498.1162006742,Million cubic metres Per Day
AB,Total,high,2021,302.3143820288,Million cubic metres Per Day
BC,Total,high,2021,183.56420498,Million cubic metres Per Day
MB,Total,high,2021,0,Million cubic metres Per Day
NB,Total,high,2021,0,Million cubic metres Per Day
NL,Total,high,2021,0,Million cubic metres Per Day
NS,Total,high,2021,1.1897679952,Million cubic metres Per Day
NT,Total,high,2021,0.0566556188,Million cubic metres Per Day
NU,Total,high,2021,0,Million cubic metres Per Day
ON,Total,high,2021,0.1133112376,Million cubic metres Per Day
PE,Total,high,2021,0,Million cubic metres Per Day
QC,Total,high,2021,0,Million cubic metres Per Day
SK,Total,high,2021,10.8778788136,Million cubic metres Per Day
YT,Total,high,2021,0,Million cubic metres Per Day
all,Total,high,2022,522.6197558143,Million cubic metres Per Day
AB,Total,high,2022,309.707940285,Million cubic metres Per Day
BC,Total,high,2022,200.9008243393,Million cubic metres Per Day
MB,Total,high,2022,0,Million cubic metres Per Day
NB,Total,high,2022,0,Million cubic metres Per Day
NL,Total,high,2022,0,Million cubic metres Per Day
NS,Total,high,2022,1.0764567576,Million cubic metres Per Day
NT,Total,high,2022,0.0283278094,Million cubic metres Per Day
NU,Total,high,2022,0,Million cubic metres Per Day
ON,Total,high,2022,0.0849834282,Million cubic metres Per Day
PE,Total,high,2022,0,Million cubic metres Per Day
QC,Total,high,2022,0,Million cubic metres Per Day
SK,Total,high,2022,10.8212231948,Million cubic metres Per Day
YT,Total,high,2022,0,Million cubic metres Per Day
all,Total,high,2023,542.3925667828,Million cubic metres Per Day
AB,Total,high,2023,316.4216311153,Million cubic metres Per Day
BC,Total,high,2023,214.1015835245,Million cubic metres Per Day
MB,Total,high,2023,0,Million cubic metres Per Day
NB,Total,high,2023,0,Million cubic metres Per Day
NL,Total,high,2023,0,Million cubic metres Per Day
NS,Total,high,2023,0.96314552,Million cubic metres Per Day
NT,Total,high,2023,0.0283278094,Million cubic metres Per Day
NU,Total,high,2023,0,Million cubic metres Per Day
ON,Total,high,2023,0.0566556188,Million cubic metres Per Day
PE,Total,high,2023,0,Million cubic metres Per Day
QC,Total,high,2023,0,Million cubic metres Per Day
SK,Total,high,2023,10.8212231948,Million cubic metres Per Day
YT,Total,high,2023,0,Million cubic metres Per Day
all,Total,high,2024,564.488258123,Million cubic metres Per Day
AB,Total,high,2024,322.0305373785,Million cubic metres Per Day
BC,Total,high,2024,230.7300076485,Million cubic metres Per Day
MB,Total,high,2024,0,Million cubic metres Per Day
NB,Total,high,2024,0,Million cubic metres Per Day
NL,Total,high,2024,0,Million cubic metres Per Day
NS,Total,high,2024,0.8781620917,Million cubic metres Per Day
NT,Total,high,2024,0.0283278094,Million cubic metres Per Day
NU,Total,high,2024,0,Million cubic metres Per Day
ON,Total,high,2024,0.0283278094,Million cubic metres Per Day
PE,Total,high,2024,0,Million cubic metres Per Day
QC,Total,high,2024,0,Million cubic metres Per Day
SK,Total,high,2024,10.7928953854,Million cubic metres Per Day
YT,Total,high,2024,0,Million cubic metres Per Day
all,Total,high,2025,585.9890654656,Million cubic metres Per Day
AB,Total,high,2025,328.4042944959,Million cubic metres Per Day
BC,Total,high,2025,246.083680349,Million cubic metres Per Day
MB,Total,high,2025,0,Million cubic metres Per Day
NB,Total,high,2025,0,Million cubic metres Per Day
NL,Total,high,2025,0,Million cubic metres Per Day
NS,Total,high,2025,0.7931786635,Million cubic metres Per Day
NT,Total,high,2025,0.0283278094,Million cubic metres Per Day
NU,Total,high,2025,0,Million cubic metres Per Day
ON,Total,high,2025,0.0283278094,Million cubic metres Per Day
PE,Total,high,2025,0,Million cubic metres Per Day
QC,Total,high,2025,0,Million cubic metres Per Day
SK,Total,high,2025,10.6512563383,Million cubic metres Per Day
YT,Total,high,2025,0,Million cubic metres Per Day
all,Total,high,2026,603.5523073001,Million cubic metres Per Day
AB,Total,high,2026,335.2596243732,Million cubic metres Per Day
BC,Total,high,2026,257.0465425909,Million cubic metres Per Day
MB,Total,high,2026,0,Million cubic metres Per Day
NB,Total,high,2026,0,Million cubic metres Per Day
NL,Total,high,2026,0,Million cubic metres Per Day
NS,Total,high,2026,0.7081952353,Million cubic metres Per Day
NT,Total,high,2026,0,Million cubic metres Per Day
NU,Total,high,2026,0,Million cubic metres Per Day
ON,Total,high,2026,0.0283278094,Million cubic metres Per Day
PE,Total,high,2026,0,Million cubic metres Per Day
QC,Total,high,2026,0,Million cubic metres Per Day
SK,Total,high,2026,10.5096172913,Million cubic metres Per Day
YT,Total,high,2026,0,Million cubic metres Per Day
all,Total,high,2027,617.0646723889,Million cubic metres Per Day
AB,Total,high,2027,342.7948216764,Million cubic metres Per Day
BC,Total,high,2027,263.3069884706,Million cubic metres Per Day
MB,Total,high,2027,0,Million cubic metres Per Day
NB,Total,high,2027,0,Million cubic metres Per Day
NL,Total,high,2027,0,Million cubic metres Per Day
NS,Total,high,2027,0.623211807,Million cubic metres Per Day
NT,Total,high,2027,0,Million cubic metres Per Day
NU,Total,high,2027,0,Million cubic metres Per Day
ON,Total,high,2027,0,Million cubic metres Per Day
PE,Total,high,2027,0,Million cubic metres Per Day
QC,Total,high,2027,0,Million cubic metres Per Day
SK,Total,high,2027,10.3396504348,Million cubic metres Per Day
YT,Total,high,2027,0,Million cubic metres Per Day
all,Total,high,2028,629.0756635789,Million cubic metres Per Day
AB,Total,high,2028,350.8965751678,Million cubic metres Per Day
BC,Total,high,2028,267.4995042633,Million cubic metres Per Day
MB,Total,high,2028,0,Million cubic metres Per Day
NB,Total,high,2028,0,Million cubic metres Per Day
NL,Total,high,2028,0,Million cubic metres Per Day
NS,Total,high,2028,0.5665561882,Million cubic metres Per Day
NT,Total,high,2028,0,Million cubic metres Per Day
NU,Total,high,2028,0,Million cubic metres Per Day
ON,Total,high,2028,0,Million cubic metres Per Day
PE,Total,high,2028,0,Million cubic metres Per Day
QC,Total,high,2028,0,Million cubic metres Per Day
SK,Total,high,2028,10.1130279595,Million cubic metres Per Day
YT,Total,high,2028,0,Million cubic metres Per Day
all,Total,high,2029,641.6248831478,Million cubic metres Per Day
AB,Total,high,2029,359.3665901816,Million cubic metres Per Day
BC,Total,high,2029,271.9186425314,Million cubic metres Per Day
MB,Total,high,2029,0,Million cubic metres Per Day
NB,Total,high,2029,0,Million cubic metres Per Day
NL,Total,high,2029,0,Million cubic metres Per Day
NS,Total,high,2029,0.5099005694,Million cubic metres Per Day
NT,Total,high,2029,0,Million cubic metres Per Day
NU,Total,high,2029,0,Million cubic metres Per Day
ON,Total,high,2029,0,Million cubic metres Per Day
PE,Total,high,2029,0,Million cubic metres Per Day
QC,Total,high,2029,0,Million cubic metres Per Day
SK,Total,high,2029,9.8297498654,Million cubic metres Per Day
YT,Total,high,2029,0,Million cubic metres Per Day
all,Total,high,2030,654.8256423331,Million cubic metres Per Day
AB,Total,high,2030,368.3465057647,Million cubic metres Per Day
BC,Total,high,2030,276.4227642276,Million cubic metres Per Day
MB,Total,high,2030,0,Million cubic metres Per Day
NB,Total,high,2030,0,Million cubic metres Per Day
NL,Total,high,2030,0,Million cubic metres Per Day
NS,Total,high,2030,0.4532449506,Million cubic metres Per Day
NT,Total,high,2030,0,Million cubic metres Per Day
NU,Total,high,2030,0,Million cubic metres Per Day
ON,Total,high,2030,0,Million cubic metres Per Day
PE,Total,high,2030,0,Million cubic metres Per Day
QC,Total,high,2030,0,Million cubic metres Per Day
SK,Total,high,2030,9.6031273902,Million cubic metres Per Day
YT,Total,high,2030,0,Million cubic metres Per Day
all,Total,high,2031,669.6977422736,Million cubic metres Per Day
AB,Total,high,2031,378.0346165831,Million cubic metres Per Day
BC,Total,high,2031,281.8900314439,Million cubic metres Per Day
MB,Total,high,2031,0,Million cubic metres Per Day
NB,Total,high,2031,0,Million cubic metres Per Day
NL,Total,high,2031,0,Million cubic metres Per Day
NS,Total,high,2031,0.4249171412,Million cubic metres Per Day
NT,Total,high,2031,0,Million cubic metres Per Day
NU,Total,high,2031,0,Million cubic metres Per Day
ON,Total,high,2031,0,Million cubic metres Per Day
PE,Total,high,2031,0,Million cubic metres Per Day
QC,Total,high,2031,0,Million cubic metres Per Day
SK,Total,high,2031,9.3481771055,Million cubic metres Per Day
YT,Total,high,2031,0,Million cubic metres Per Day
all,Total,high,2032,683.9466304071,Million cubic metres Per Day
AB,Total,high,2032,387.9776776862,Million cubic metres Per Day
BC,Total,high,2032,286.5641199966,Million cubic metres Per Day
MB,Total,high,2032,0,Million cubic metres Per Day
NB,Total,high,2032,0,Million cubic metres Per Day
NL,Total,high,2032,0,Million cubic metres Per Day
NS,Total,high,2032,0.3682615223,Million cubic metres Per Day
NT,Total,high,2032,0,Million cubic metres Per Day
NU,Total,high,2032,0,Million cubic metres Per Day
ON,Total,high,2032,0,Million cubic metres Per Day
PE,Total,high,2032,0,Million cubic metres Per Day
QC,Total,high,2032,0,Million cubic metres Per Day
SK,Total,high,2032,9.0365712019,Million cubic metres Per Day
YT,Total,high,2032,0,Million cubic metres Per Day
all,Total,high,2033,697.6006345429,Million cubic metres Per Day
AB,Total,high,2033,397.3541826011,Million cubic metres Per Day
BC,Total,high,2033,291.1815529305,Million cubic metres Per Day
MB,Total,high,2033,0,Million cubic metres Per Day
NB,Total,high,2033,0,Million cubic metres Per Day
NL,Total,high,2033,0,Million cubic metres Per Day
NS,Total,high,2033,0.3399337129,Million cubic metres Per Day
NT,Total,high,2033,0,Million cubic metres Per Day
NU,Total,high,2033,0,Million cubic metres Per Day
ON,Total,high,2033,0,Million cubic metres Per Day
PE,Total,high,2033,0,Million cubic metres Per Day
QC,Total,high,2033,0,Million cubic metres Per Day
SK,Total,high,2033,8.7249652984,Million cubic metres Per Day
YT,Total,high,2033,0,Million cubic metres Per Day
all,Total,high,2034,709.8665760177,Million cubic metres Per Day
AB,Total,high,2034,405.7958698054,Million cubic metres Per Day
BC,Total,high,2034,295.289085295,Million cubic metres Per Day
MB,Total,high,2034,0,Million cubic metres Per Day
NB,Total,high,2034,0,Million cubic metres Per Day
NL,Total,high,2034,0,Million cubic metres Per Day
NS,Total,high,2034,0.3116059035,Million cubic metres Per Day
NT,Total,high,2034,0,Million cubic metres Per Day
NU,Total,high,2034,0,Million cubic metres Per Day
ON,Total,high,2034,0,Million cubic metres Per Day
PE,Total,high,2034,0,Million cubic metres Per Day
QC,Total,high,2034,0,Million cubic metres Per Day
SK,Total,high,2034,8.4700150137,Million cubic metres Per Day
YT,Total,high,2034,0,Million cubic metres Per Day
all,Total,high,2035,719.6396702643,Million cubic metres Per Day
AB,Total,high,2035,413.0761168239,Million cubic metres Per Day
BC,Total,high,2035,298.1218662361,Million cubic metres Per Day
MB,Total,high,2035,0,Million cubic metres Per Day
NB,Total,high,2035,0,Million cubic metres Per Day
NL,Total,high,2035,0,Million cubic metres Per Day
NS,Total,high,2035,0.2832780941,Million cubic metres Per Day
NT,Total,high,2035,0,Million cubic metres Per Day
NU,Total,high,2035,0,Million cubic metres Per Day
ON,Total,high,2035,0,Million cubic metres Per Day
PE,Total,high,2035,0,Million cubic metres Per Day
QC,Total,high,2035,0,Million cubic metres Per Day
SK,Total,high,2035,8.1584091102,Million cubic metres Per Day
YT,Total,high,2035,0,Million cubic metres Per Day
all,Total,high,2036,729.3561088921,Million cubic metres Per Day
AB,Total,high,2036,420.1297413671,Million cubic metres Per Day
BC,Total,high,2036,301.1246140336,Million cubic metres Per Day
MB,Total,high,2036,0,Million cubic metres Per Day
NB,Total,high,2036,0,Million cubic metres Per Day
NL,Total,high,2036,0,Million cubic metres Per Day
NS,Total,high,2036,0.2549502847,Million cubic metres Per Day
NT,Total,high,2036,0,Million cubic metres Per Day
NU,Total,high,2036,0,Million cubic metres Per Day
ON,Total,high,2036,0,Million cubic metres Per Day
PE,Total,high,2036,0,Million cubic metres Per Day
QC,Total,high,2036,0,Million cubic metres Per Day
SK,Total,high,2036,7.8468032067,Million cubic metres Per Day
YT,Total,high,2036,0,Million cubic metres Per Day
all,Total,high,2037,737.6561570494,Million cubic metres Per Day
AB,Total,high,2037,426.5318262939,Million cubic metres Per Day
BC,Total,high,2037,303.3058553582,Million cubic metres Per Day
MB,Total,high,2037,0,Million cubic metres Per Day
NB,Total,high,2037,0,Million cubic metres Per Day
NL,Total,high,2037,0,Million cubic metres Per Day
NS,Total,high,2037,0.2266224753,Million cubic metres Per Day
NT,Total,high,2037,0,Million cubic metres Per Day
NU,Total,high,2037,0,Million cubic metres Per Day
ON,Total,high,2037,0,Million cubic metres Per Day
PE,Total,high,2037,0,Million cubic metres Per Day
QC,Total,high,2037,0,Million cubic metres Per Day
SK,Total,high,2037,7.591852922,Million cubic metres Per Day
YT,Total,high,2037,0,Million cubic metres Per Day
all,Total,high,2038,744.9930596867,Million cubic metres Per Day
AB,Total,high,2038,432.1124047477,Million cubic metres Per Day
BC,Total,high,2038,305.3737854452,Million cubic metres Per Day
MB,Total,high,2038,0,Million cubic metres Per Day
NB,Total,high,2038,0,Million cubic metres Per Day
NL,Total,high,2038,0,Million cubic metres Per Day
NS,Total,high,2038,0.1982946659,Million cubic metres Per Day
NT,Total,high,2038,0,Million cubic metres Per Day
NU,Total,high,2038,0,Million cubic metres Per Day
ON,Total,high,2038,0,Million cubic metres Per Day
PE,Total,high,2038,0,Million cubic metres Per Day
QC,Total,high,2038,0,Million cubic metres Per Day
SK,Total,high,2038,7.3085748279,Million cubic metres Per Day
YT,Total,high,2038,0,Million cubic metres Per Day
all,Total,high,2039,752.5565847993,Million cubic metres Per Day
AB,Total,high,2039,438.0612447239,Million cubic metres Per Day
BC,Total,high,2039,307.3000764851,Million cubic metres Per Day
MB,Total,high,2039,0,Million cubic metres Per Day
NB,Total,high,2039,0,Million cubic metres Per Day
NL,Total,high,2039,0,Million cubic metres Per Day
NS,Total,high,2039,0.1699668565,Million cubic metres Per Day
NT,Total,high,2039,0,Million cubic metres Per Day
NU,Total,high,2039,0,Million cubic metres Per Day
ON,Total,high,2039,0,Million cubic metres Per Day
PE,Total,high,2039,0,Million cubic metres Per Day
QC,Total,high,2039,0,Million cubic metres Per Day
SK,Total,high,2039,7.0252967338,Million cubic metres Per Day
YT,Total,high,2039,0,Million cubic metres Per Day
all,Total,high,2040,760.4883714342,Million cubic metres Per Day
AB,Total,high,2040,444.2933627943,Million cubic metres Per Day
BC,Total,high,2040,309.2830231438,Million cubic metres Per Day
MB,Total,high,2040,0,Million cubic metres Per Day
NB,Total,high,2040,0,Million cubic metres Per Day
NL,Total,high,2040,0,Million cubic metres Per Day
NS,Total,high,2040,0.1699668565,Million cubic metres Per Day
NT,Total,high,2040,0,Million cubic metres Per Day
NU,Total,high,2040,0,Million cubic metres Per Day
ON,Total,high,2040,0,Million cubic metres Per Day
PE,Total,high,2040,0,Million cubic metres Per Day
QC,Total,high,2040,0,Million cubic metres Per Day
SK,Total,high,2040,6.7420186397,Million cubic metres Per Day
YT,Total,high,2040,0,Million cubic metres Per Day
all,Total,reference,2005,482.1959717855,Million cubic metres Per Day
AB,Total,reference,2005,374.6352794538,Million cubic metres Per Day
BC,Total,reference,2005,74.3321718931,Million cubic metres Per Day
MB,Total,reference,2005,0,Million cubic metres Per Day
NB,Total,reference,2005,0.0566556188,Million cubic metres Per Day
NL,Total,reference,2005,0,Million cubic metres Per Day
NS,Total,reference,2005,10.9628622419,Million cubic metres Per Day
NT,Total,reference,2005,1.1614401858,Million cubic metres Per Day
NU,Total,reference,2005,0,Million cubic metres Per Day
ON,Total,reference,2005,0.7081952353,Million cubic metres Per Day
PE,Total,reference,2005,0,Million cubic metres Per Day
QC,Total,reference,2005,0,Million cubic metres Per Day
SK,Total,reference,2005,19.9144500156,Million cubic metres Per Day
YT,Total,reference,2005,0.4249171412,Million cubic metres Per Day
all,Total,reference,2006,484.575507776,Million cubic metres Per Day
AB,Total,reference,2006,379.0260899125,Million cubic metres Per Day
BC,Total,reference,2006,73.7656157049,Million cubic metres Per Day
MB,Total,reference,2006,0,Million cubic metres Per Day
NB,Total,reference,2006,0.0566556188,Million cubic metres Per Day
NL,Total,reference,2006,0,Million cubic metres Per Day
NS,Total,reference,2006,9.8864054843,Million cubic metres Per Day
NT,Total,reference,2006,0.7081952353,Million cubic metres Per Day
NU,Total,reference,2006,0,Million cubic metres Per Day
ON,Total,reference,2006,0.7081952353,Million cubic metres Per Day
PE,Total,reference,2006,0,Million cubic metres Per Day
QC,Total,reference,2006,0,Million cubic metres Per Day
SK,Total,reference,2006,20.1127446815,Million cubic metres Per Day
YT,Total,reference,2006,0.3116059035,Million cubic metres Per Day
all,Total,reference,2007,476.7570323787,Million cubic metres Per Day
AB,Total,reference,2007,370.8960086117,Million cubic metres Per Day
BC,Total,reference,2007,74.048893799,Million cubic metres Per Day
MB,Total,reference,2007,0,Million cubic metres Per Day
NB,Total,reference,2007,0.4249171412,Million cubic metres Per Day
NL,Total,reference,2007,0,Million cubic metres Per Day
NS,Total,reference,2007,11.246140336,Million cubic metres Per Day
NT,Total,reference,2007,0.7081952353,Million cubic metres Per Day
NU,Total,reference,2007,0,Million cubic metres Per Day
ON,Total,reference,2007,0.5948839976,Million cubic metres Per Day
PE,Total,reference,2007,0,Million cubic metres Per Day
QC,Total,reference,2007,0,Million cubic metres Per Day
SK,Total,reference,2007,18.6396985921,Million cubic metres Per Day
YT,Total,reference,2007,0.1982946659,Million cubic metres Per Day
all,Total,reference,2008,457.0125492196,Million cubic metres Per Day
AB,Total,reference,2008,350.1600521232,Million cubic metres Per Day
BC,Total,reference,2008,75.7485623637,Million cubic metres Per Day
MB,Total,reference,2008,0,Million cubic metres Per Day
NB,Total,reference,2008,0.7648508541,Million cubic metres Per Day
NL,Total,reference,2008,0,Million cubic metres Per Day
NS,Total,reference,2008,11.7277130959,Million cubic metres Per Day
NT,Total,reference,2008,0.5099005694,Million cubic metres Per Day
NU,Total,reference,2008,0,Million cubic metres Per Day
ON,Total,reference,2008,0.5382283788,Million cubic metres Per Day
PE,Total,reference,2008,0,Million cubic metres Per Day
QC,Total,reference,2008,0,Million cubic metres Per Day
SK,Total,reference,2008,17.4216027875,Million cubic metres Per Day
YT,Total,reference,2008,0.1416390471,Million cubic metres Per Day
all,Total,reference,2009,427.9482167644,Million cubic metres Per Day
AB,Total,reference,2009,325.2032520325,Million cubic metres Per Day
BC,Total,reference,2009,75.7202345543,Million cubic metres Per Day
MB,Total,reference,2009,0,Million cubic metres Per Day
NB,Total,reference,2009,0.6515396164,Million cubic metres Per Day
NL,Total,reference,2009,0,Million cubic metres Per Day
NS,Total,reference,2009,9.2065380584,Million cubic metres Per Day
NT,Total,reference,2009,0.48157276,Million cubic metres Per Day
NU,Total,reference,2009,0,Million cubic metres Per Day
ON,Total,reference,2009,0.48157276,Million cubic metres Per Day
PE,Total,reference,2009,0,Million cubic metres Per Day
QC,Total,reference,2009,0,Million cubic metres Per Day
SK,Total,reference,2009,16.0901957452,Million cubic metres Per Day
YT,Total,reference,2009,0.1133112376,Million cubic metres Per Day
all,Total,reference,2010,412.9628055862,Million cubic metres Per Day
AB,Total,reference,2010,307.2717486757,Million cubic metres Per Day
BC,Total,reference,2010,81.5557632928,Million cubic metres Per Day
MB,Total,reference,2010,0,Million cubic metres Per Day
NB,Total,reference,2010,0.5099005694,Million cubic metres Per Day
NL,Total,reference,2010,0,Million cubic metres Per Day
NS,Total,reference,2010,8.3567037761,Million cubic metres Per Day
NT,Total,reference,2010,0.5287857757,Million cubic metres Per Day
NU,Total,reference,2010,0,Million cubic metres Per Day
ON,Total,reference,2010,0.4532449506,Million cubic metres Per Day
PE,Total,reference,2010,0,Million cubic metres Per Day
QC,Total,reference,2010,0,Million cubic metres Per Day
SK,Total,reference,2010,14.2488881335,Million cubic metres Per Day
YT,Total,reference,2010,0.0377704125,Million cubic metres Per Day
all,Total,reference,2011,412.7645109204,Million cubic metres Per Day
AB,Total,reference,2011,294.042661681,Million cubic metres Per Day
BC,Total,reference,2011,97.1360584686,Million cubic metres Per Day
MB,Total,reference,2011,0,Million cubic metres Per Day
NB,Total,reference,2011,0.4532449506,Million cubic metres Per Day
NL,Total,reference,2011,0,Million cubic metres Per Day
NS,Total,reference,2011,7.1669357809,Million cubic metres Per Day
NT,Total,reference,2011,0.48157276,Million cubic metres Per Day
NU,Total,reference,2011,0,Million cubic metres Per Day
ON,Total,reference,2011,0.4249171412,Million cubic metres Per Day
PE,Total,reference,2011,0,Million cubic metres Per Day
QC,Total,reference,2011,0,Million cubic metres Per Day
SK,Total,reference,2011,13.0307923288,Million cubic metres Per Day
YT,Total,reference,2011,0.0283278094,Million cubic metres Per Day
all,Total,reference,2012,393.898189853,Million cubic metres Per Day
AB,Total,reference,2012,277.7258434605,Million cubic metres Per Day
BC,Total,reference,2012,97.4193365627,Million cubic metres Per Day
MB,Total,reference,2012,0,Million cubic metres Per Day
NB,Total,reference,2012,0.3399337129,Million cubic metres Per Day
NL,Total,reference,2012,0,Million cubic metres Per Day
NS,Total,reference,2012,5.4106115974,Million cubic metres Per Day
NT,Total,reference,2012,0.4626875537,Million cubic metres Per Day
NU,Total,reference,2012,0,Million cubic metres Per Day
ON,Total,reference,2012,0.3965893317,Million cubic metres Per Day
PE,Total,reference,2012,0,Million cubic metres Per Day
QC,Total,reference,2012,0,Million cubic metres Per Day
SK,Total,reference,2012,12.1243024277,Million cubic metres Per Day
YT,Total,reference,2012,0.0188852063,Million cubic metres Per Day
all,Total,reference,2013,397.7224441234,Million cubic metres Per Day
AB,Total,reference,2013,274.4114897595,Million cubic metres Per Day
BC,Total,reference,2013,105.7477125294,Million cubic metres Per Day
MB,Total,reference,2013,0,Million cubic metres Per Day
NB,Total,reference,2013,0.3116059035,Million cubic metres Per Day
NL,Total,reference,2013,0,Million cubic metres Per Day
NS,Total,reference,2013,4.8440554092,Million cubic metres Per Day
NT,Total,reference,2013,0.3399337129,Million cubic metres Per Day
NU,Total,reference,2013,0,Million cubic metres Per Day
ON,Total,reference,2013,0.3399337129,Million cubic metres Per Day
PE,Total,reference,2013,0,Million cubic metres Per Day
QC,Total,reference,2013,0,Million cubic metres Per Day
SK,Total,reference,2013,11.7277130959,Million cubic metres Per Day
YT,Total,reference,2013,0,Million cubic metres Per Day
all,Total,reference,2014,415.4556528144,Million cubic metres Per Day
AB,Total,reference,2014,280.4169853545,Million cubic metres Per Day
BC,Total,reference,2014,112.7730092632,Million cubic metres Per Day
MB,Total,reference,2014,0,Million cubic metres Per Day
NB,Total,reference,2014,0.2549502847,Million cubic metres Per Day
NL,Total,reference,2014,0,Million cubic metres Per Day
NS,Total,reference,2014,9.1215546302,Million cubic metres Per Day
NT,Total,reference,2014,0.3116059035,Million cubic metres Per Day
NU,Total,reference,2014,0,Million cubic metres Per Day
ON,Total,reference,2014,0.2832780941,Million cubic metres Per Day
PE,Total,reference,2014,0,Million cubic metres Per Day
QC,Total,reference,2014,0,Million cubic metres Per Day
SK,Total,reference,2014,12.2942692842,Million cubic metres Per Day
YT,Total,reference,2014,0,Million cubic metres Per Day
all,Total,reference,2015,424.1522903034,Million cubic metres Per Day
AB,Total,reference,2015,279.1705617405,Million cubic metres Per Day
BC,Total,reference,2015,126.5403246367,Million cubic metres Per Day
MB,Total,reference,2015,0,Million cubic metres Per Day
NB,Total,reference,2015,0.1699668565,Million cubic metres Per Day
NL,Total,reference,2015,0,Million cubic metres Per Day
NS,Total,reference,2015,5.4672672162,Million cubic metres Per Day
NT,Total,reference,2015,0.2266224753,Million cubic metres Per Day
NU,Total,reference,2015,0,Million cubic metres Per Day
ON,Total,reference,2015,0.3116059035,Million cubic metres Per Day
PE,Total,reference,2015,0,Million cubic metres Per Day
QC,Total,reference,2015,0,Million cubic metres Per Day
SK,Total,reference,2015,12.2659414747,Million cubic metres Per Day
YT,Total,reference,2015,0,Million cubic metres Per Day
all,Total,reference,2016,437.6363275828,Million cubic metres Per Day
AB,Total,reference,2016,272.2019206255,Million cubic metres Per Day
BC,Total,reference,2016,147.7295260757,Million cubic metres Per Day
MB,Total,reference,2016,0,Million cubic metres Per Day
NB,Total,reference,2016,0.1133112376,Million cubic metres Per Day
NL,Total,reference,2016,0,Million cubic metres Per Day
NS,Total,reference,2016,5.2406447409,Million cubic metres Per Day
NT,Total,reference,2016,0.2266224753,Million cubic metres Per Day
NU,Total,reference,2016,0,Million cubic metres Per Day
ON,Total,reference,2016,0.2832780941,Million cubic metres Per Day
PE,Total,reference,2016,0,Million cubic metres Per Day
QC,Total,reference,2016,0,Million cubic metres Per Day
SK,Total,reference,2016,11.8410243336,Million cubic metres Per Day
YT,Total,reference,2016,0,Million cubic metres Per Day
all,Total,reference,2017,431.9707657007,Million cubic metres Per Day
AB,Total,reference,2017,268.5759610209,Million cubic metres Per Day
BC,Total,reference,2017,146.5680858899,Million cubic metres Per Day
MB,Total,reference,2017,0,Million cubic metres Per Day
NB,Total,reference,2017,0.0566556188,Million cubic metres Per Day
NL,Total,reference,2017,0,Million cubic metres Per Day
NS,Total,reference,2017,4.759071981,Million cubic metres Per Day
NT,Total,reference,2017,0.1699668565,Million cubic metres Per Day
NU,Total,reference,2017,0,Million cubic metres Per Day
ON,Total,reference,2017,0.2549502847,Million cubic metres Per Day
PE,Total,reference,2017,0,Million cubic metres Per Day
QC,Total,reference,2017,0,Million cubic metres Per Day
SK,Total,reference,2017,11.5860740489,Million cubic metres Per Day
YT,Total,reference,2017,0,Million cubic metres Per Day
all,Total,reference,2018,427.8915611456,Million cubic metres Per Day
AB,Total,reference,2018,266.7913090281,Million cubic metres Per Day
BC,Total,reference,2018,145.4349735135,Million cubic metres Per Day
MB,Total,reference,2018,0,Million cubic metres Per Day
NB,Total,reference,2018,0.0283278094,Million cubic metres Per Day
NL,Total,reference,2018,0,Million cubic metres Per Day
NS,Total,reference,2018,3.9658933175,Million cubic metres Per Day
NT,Total,reference,2018,0.1416390471,Million cubic metres Per Day
NU,Total,reference,2018,0,Million cubic metres Per Day
ON,Total,reference,2018,0.2266224753,Million cubic metres Per Day
PE,Total,reference,2018,0,Million cubic metres Per Day
QC,Total,reference,2018,0,Million cubic metres Per Day
SK,Total,reference,2018,11.3027959548,Million cubic metres Per Day
YT,Total,reference,2018,0,Million cubic metres Per Day
all,Total,reference,2019,423.5574063058,Million cubic metres Per Day
AB,Total,reference,2019,265.1766238917,Million cubic metres Per Day
BC,Total,reference,2019,143.8769439959,Million cubic metres Per Day
MB,Total,reference,2019,0,Million cubic metres Per Day
NB,Total,reference,2019,0.0283278094,Million cubic metres Per Day
NL,Total,reference,2019,0,Million cubic metres Per Day
NS,Total,reference,2019,3.1443868446,Million cubic metres Per Day
NT,Total,reference,2019,0.1133112376,Million cubic metres Per Day
NU,Total,reference,2019,0,Million cubic metres Per Day
ON,Total,reference,2019,0.1699668565,Million cubic metres Per Day
PE,Total,reference,2019,0,Million cubic metres Per Day
QC,Total,reference,2019,0,Million cubic metres Per Day
SK,Total,reference,2019,11.0478456701,Million cubic metres Per Day
YT,Total,reference,2019,0,Million cubic metres Per Day
all,Total,reference,2020,420.4980028894,Million cubic metres Per Day
AB,Total,reference,2020,264.5534120846,Million cubic metres Per Day
BC,Total,reference,2020,142.432225716,Million cubic metres Per Day
MB,Total,reference,2020,0,Million cubic metres Per Day
NB,Total,reference,2020,0,Million cubic metres Per Day
NL,Total,reference,2020,0,Million cubic metres Per Day
NS,Total,reference,2020,2.4078637999,Million cubic metres Per Day
NT,Total,reference,2020,0.0849834282,Million cubic metres Per Day
NU,Total,reference,2020,0,Million cubic metres Per Day
ON,Total,reference,2020,0.1416390471,Million cubic metres Per Day
PE,Total,reference,2020,0,Million cubic metres Per Day
QC,Total,reference,2020,0,Million cubic metres Per Day
SK,Total,reference,2020,10.8778788136,Million cubic metres Per Day
YT,Total,reference,2020,0,Million cubic metres Per Day
all,Total,reference,2021,429.5912297102,Million cubic metres Per Day
AB,Total,reference,2021,264.6950511317,Million cubic metres Per Day
BC,Total,reference,2021,152.8002039602,Million cubic metres Per Day
MB,Total,reference,2021,0,Million cubic metres Per Day
NB,Total,reference,2021,0,Million cubic metres Per Day
NL,Total,reference,2021,0,Million cubic metres Per Day
NS,Total,reference,2021,1.1897679952,Million cubic metres Per Day
NT,Total,reference,2021,0.0566556188,Million cubic metres Per Day
NU,Total,reference,2021,0,Million cubic metres Per Day
ON,Total,reference,2021,0.1133112376,Million cubic metres Per Day
PE,Total,reference,2021,0,Million cubic metres Per Day
QC,Total,reference,2021,0,Million cubic metres Per Day
SK,Total,reference,2021,10.7362397666,Million cubic metres Per Day
YT,Total,reference,2021,0,Million cubic metres Per Day
all,Total,reference,2022,444.8599189825,Million cubic metres Per Day
AB,Total,reference,2022,266.7346534093,Million cubic metres Per Day
BC,Total,reference,2022,166.2559134302,Million cubic metres Per Day
MB,Total,reference,2022,0,Million cubic metres Per Day
NB,Total,reference,2022,0,Million cubic metres Per Day
NL,Total,reference,2022,0,Million cubic metres Per Day
NS,Total,reference,2022,1.0764567576,Million cubic metres Per Day
NT,Total,reference,2022,0.0283278094,Million cubic metres Per Day
NU,Total,reference,2022,0,Million cubic metres Per Day
ON,Total,reference,2022,0.0849834282,Million cubic metres Per Day
PE,Total,reference,2022,0,Million cubic metres Per Day
QC,Total,reference,2022,0,Million cubic metres Per Day
SK,Total,reference,2022,10.6795841478,Million cubic metres Per Day
YT,Total,reference,2022,0,Million cubic metres Per Day
all,Total,reference,2023,456.3893374125,Million cubic metres Per Day
AB,Total,reference,2023,268.6326166398,Million cubic metres Per Day
BC,Total,reference,2023,176.1139911051,Million cubic metres Per Day
MB,Total,reference,2023,0,Million cubic metres Per Day
NB,Total,reference,2023,0,Million cubic metres Per Day
NL,Total,reference,2023,0,Million cubic metres Per Day
NS,Total,reference,2023,0.96314552,Million cubic metres Per Day
NT,Total,reference,2023,0.0283278094,Million cubic metres Per Day
NU,Total,reference,2023,0,Million cubic metres Per Day
ON,Total,reference,2023,0.0566556188,Million cubic metres Per Day
PE,Total,reference,2023,0,Million cubic metres Per Day
QC,Total,reference,2023,0,Million cubic metres Per Day
SK,Total,reference,2023,10.5946007195,Million cubic metres Per Day
YT,Total,reference,2023,0,Million cubic metres Per Day
all,Total,reference,2024,469.391801932,Million cubic metres Per Day
AB,Total,reference,2024,268.8875669245,Million cubic metres Per Day
BC,Total,reference,2024,189.1164556245,Million cubic metres Per Day
MB,Total,reference,2024,0,Million cubic metres Per Day
NB,Total,reference,2024,0,Million cubic metres Per Day
NL,Total,reference,2024,0,Million cubic metres Per Day
NS,Total,reference,2024,0.8781620917,Million cubic metres Per Day
NT,Total,reference,2024,0.0283278094,Million cubic metres Per Day
NU,Total,reference,2024,0,Million cubic metres Per Day
ON,Total,reference,2024,0.0283278094,Million cubic metres Per Day
PE,Total,reference,2024,0,Million cubic metres Per Day
QC,Total,reference,2024,0,Million cubic metres Per Day
SK,Total,reference,2024,10.4529616725,Million cubic metres Per Day
YT,Total,reference,2024,0,Million cubic metres Per Day
all,Total,reference,2025,481.3744653126,Million cubic metres Per Day
AB,Total,reference,2025,269.5957621597,Million cubic metres Per Day
BC,Total,reference,2025,200.6175462451,Million cubic metres Per Day
MB,Total,reference,2025,0,Million cubic metres Per Day
NB,Total,reference,2025,0,Million cubic metres Per Day
NL,Total,reference,2025,0,Million cubic metres Per Day
NS,Total,reference,2025,0.7931786635,Million cubic metres Per Day
NT,Total,reference,2025,0.0283278094,Million cubic metres Per Day
NU,Total,reference,2025,0,Million cubic metres Per Day
ON,Total,reference,2025,0.0283278094,Million cubic metres Per Day
PE,Total,reference,2025,0,Million cubic metres Per Day
QC,Total,reference,2025,0,Million cubic metres Per Day
SK,Total,reference,2025,10.3113226254,Million cubic metres Per Day
YT,Total,reference,2025,0,Million cubic metres Per Day
all,Total,reference,2026,489.4195631852,Million cubic metres Per Day
AB,Total,reference,2026,270.7572023455,Million cubic metres Per Day
BC,Total,reference,2026,207.7561542166,Million cubic metres Per Day
MB,Total,reference,2026,0,Million cubic metres Per Day
NB,Total,reference,2026,0,Million cubic metres Per Day
NL,Total,reference,2026,0,Million cubic metres Per Day
NS,Total,reference,2026,0.7081952353,Million cubic metres Per Day
NT,Total,reference,2026,0,Million cubic metres Per Day
NU,Total,reference,2026,0,Million cubic metres Per Day
ON,Total,reference,2026,0.0283278094,Million cubic metres Per Day
PE,Total,reference,2026,0,Million cubic metres Per Day
QC,Total,reference,2026,0,Million cubic metres Per Day
SK,Total,reference,2026,10.1696835784,Million cubic metres Per Day
YT,Total,reference,2026,0,Million cubic metres Per Day
all,Total,reference,2027,492.3939831733,Million cubic metres Per Day
AB,Total,reference,2027,272.0036259596,Million cubic metres Per Day
BC,Total,reference,2027,209.852412113,Million cubic metres Per Day
MB,Total,reference,2027,0,Million cubic metres Per Day
NB,Total,reference,2027,0,Million cubic metres Per Day
NL,Total,reference,2027,0,Million cubic metres Per Day
NS,Total,reference,2027,0.623211807,Million cubic metres Per Day
NT,Total,reference,2027,0,Million cubic metres Per Day
NU,Total,reference,2027,0,Million cubic metres Per Day
ON,Total,reference,2027,0,Million cubic metres Per Day
PE,Total,reference,2027,0,Million cubic metres Per Day
QC,Total,reference,2027,0,Million cubic metres Per Day
SK,Total,reference,2027,9.9147332937,Million cubic metres Per Day
YT,Total,reference,2027,0,Million cubic metres Per Day
all,Total,reference,2028,493.4704399309,Million cubic metres Per Day
AB,Total,reference,2028,273.5049998584,Million cubic metres Per Day
BC,Total,reference,2028,209.7674286847,Million cubic metres Per Day
MB,Total,reference,2028,0,Million cubic metres Per Day
NB,Total,reference,2028,0,Million cubic metres Per Day
NL,Total,reference,2028,0,Million cubic metres Per Day
NS,Total,reference,2028,0.5665561882,Million cubic metres Per Day
NT,Total,reference,2028,0,Million cubic metres Per Day
NU,Total,reference,2028,0,Million cubic metres Per Day
ON,Total,reference,2028,0,Million cubic metres Per Day
PE,Total,reference,2028,0,Million cubic metres Per Day
QC,Total,reference,2028,0,Million cubic metres Per Day
SK,Total,reference,2028,9.6314551996,Million cubic metres Per Day
YT,Total,reference,2028,0,Million cubic metres Per Day
all,Total,reference,2029,494.3202742132,Million cubic metres Per Day
AB,Total,reference,2029,274.8647347101,Million cubic metres Per Day
BC,Total,reference,2029,209.5974618283,Million cubic metres Per Day
MB,Total,reference,2029,0,Million cubic metres Per Day
NB,Total,reference,2029,0,Million cubic metres Per Day
NL,Total,reference,2029,0,Million cubic metres Per Day
NS,Total,reference,2029,0.5099005694,Million cubic metres Per Day
NT,Total,reference,2029,0,Million cubic metres Per Day
NU,Total,reference,2029,0,Million cubic metres Per Day
ON,Total,reference,2029,0,Million cubic metres Per Day
PE,Total,reference,2029,0,Million cubic metres Per Day
QC,Total,reference,2029,0,Million cubic metres Per Day
SK,Total,reference,2029,9.3481771055,Million cubic metres Per Day
YT,Total,reference,2029,0,Million cubic metres Per Day
all,Total,reference,2030,495.5666978273,Million cubic metres Per Day
AB,Total,reference,2030,276.5644032747,Million cubic metres Per Day
BC,Total,reference,2030,209.4841505906,Million cubic metres Per Day
MB,Total,reference,2030,0,Million cubic metres Per Day
NB,Total,reference,2030,0,Million cubic metres Per Day
NL,Total,reference,2030,0,Million cubic metres Per Day
NS,Total,reference,2030,0.4532449506,Million cubic metres Per Day
NT,Total,reference,2030,0,Million cubic metres Per Day
NU,Total,reference,2030,0,Million cubic metres Per Day
ON,Total,reference,2030,0,Million cubic metres Per Day
PE,Total,reference,2030,0,Million cubic metres Per Day
QC,Total,reference,2030,0,Million cubic metres Per Day
SK,Total,reference,2030,9.0648990114,Million cubic metres Per Day
YT,Total,reference,2030,0,Million cubic metres Per Day
all,Total,reference,2031,497.8045947707,Million cubic metres Per Day
AB,Total,reference,2031,278.4906943146,Million cubic metres Per Day
BC,Total,reference,2031,210.1073623977,Million cubic metres Per Day
MB,Total,reference,2031,0,Million cubic metres Per Day
NB,Total,reference,2031,0,Million cubic metres Per Day
NL,Total,reference,2031,0,Million cubic metres Per Day
NS,Total,reference,2031,0.4249171412,Million cubic metres Per Day
NT,Total,reference,2031,0,Million cubic metres Per Day
NU,Total,reference,2031,0,Million cubic metres Per Day
ON,Total,reference,2031,0,Million cubic metres Per Day
PE,Total,reference,2031,0,Million cubic metres Per Day
QC,Total,reference,2031,0,Million cubic metres Per Day
SK,Total,reference,2031,8.7816209173,Million cubic metres Per Day
YT,Total,reference,2031,0,Million cubic metres Per Day
all,Total,reference,2032,498.3428231495,Million cubic metres Per Day
AB,Total,reference,2032,279.4255120252,Million cubic metres Per Day
BC,Total,reference,2032,210.0790345883,Million cubic metres Per Day
MB,Total,reference,2032,0,Million cubic metres Per Day
NB,Total,reference,2032,0,Million cubic metres Per Day
NL,Total,reference,2032,0,Million cubic metres Per Day
NS,Total,reference,2032,0.3682615223,Million cubic metres Per Day
NT,Total,reference,2032,0,Million cubic metres Per Day
NU,Total,reference,2032,0,Million cubic metres Per Day
ON,Total,reference,2032,0,Million cubic metres Per Day
PE,Total,reference,2032,0,Million cubic metres Per Day
QC,Total,reference,2032,0,Million cubic metres Per Day
SK,Total,reference,2032,8.4700150137,Million cubic metres Per Day
YT,Total,reference,2032,0,Million cubic metres Per Day
all,Total,reference,2033,498.4278065777,Million cubic metres Per Day
AB,Total,reference,2033,279.3688564063,Million cubic metres Per Day
BC,Total,reference,2033,210.5322795388,Million cubic metres Per Day
MB,Total,reference,2033,0,Million cubic metres Per Day
NB,Total,reference,2033,0,Million cubic metres Per Day
NL,Total,reference,2033,0,Million cubic metres Per Day
NS,Total,reference,2033,0.3399337129,Million cubic metres Per Day
NT,Total,reference,2033,0,Million cubic metres Per Day
NU,Total,reference,2033,0,Million cubic metres Per Day
ON,Total,reference,2033,0,Million cubic metres Per Day
PE,Total,reference,2033,0,Million cubic metres Per Day
QC,Total,reference,2033,0,Million cubic metres Per Day
SK,Total,reference,2033,8.1867369196,Million cubic metres Per Day
YT,Total,reference,2033,0,Million cubic metres Per Day
all,Total,reference,2034,498.9377071471,Million cubic metres Per Day
AB,Total,reference,2034,279.9070847851,Million cubic metres Per Day
BC,Total,reference,2034,210.8722132518,Million cubic metres Per Day
MB,Total,reference,2034,0,Million cubic metres Per Day
NB,Total,reference,2034,0,Million cubic metres Per Day
NL,Total,reference,2034,0,Million cubic metres Per Day
NS,Total,reference,2034,0.3116059035,Million cubic metres Per Day
NT,Total,reference,2034,0,Million cubic metres Per Day
NU,Total,reference,2034,0,Million cubic metres Per Day
ON,Total,reference,2034,0,Million cubic metres Per Day
PE,Total,reference,2034,0,Million cubic metres Per Day
QC,Total,reference,2034,0,Million cubic metres Per Day
SK,Total,reference,2034,7.8468032067,Million cubic metres Per Day
YT,Total,reference,2034,0,Million cubic metres Per Day
all,Total,reference,2035,498.3994787683,Million cubic metres Per Day
AB,Total,reference,2035,280.4736409733,Million cubic metres Per Day
BC,Total,reference,2035,210.0790345883,Million cubic metres Per Day
MB,Total,reference,2035,0,Million cubic metres Per Day
NB,Total,reference,2035,0,Million cubic metres Per Day
NL,Total,reference,2035,0,Million cubic metres Per Day
NS,Total,reference,2035,0.2832780941,Million cubic metres Per Day
NT,Total,reference,2035,0,Million cubic metres Per Day
NU,Total,reference,2035,0,Million cubic metres Per Day
ON,Total,reference,2035,0,Million cubic metres Per Day
PE,Total,reference,2035,0,Million cubic metres Per Day
QC,Total,reference,2035,0,Million cubic metres Per Day
SK,Total,reference,2035,7.5635251126,Million cubic metres Per Day
YT,Total,reference,2035,0,Million cubic metres Per Day
all,Total,reference,2036,498.3711509589,Million cubic metres Per Day
AB,Total,reference,2036,281.068524971,Million cubic metres Per Day
BC,Total,reference,2036,209.7674286847,Million cubic metres Per Day
MB,Total,reference,2036,0,Million cubic metres Per Day
NB,Total,reference,2036,0,Million cubic metres Per Day
NL,Total,reference,2036,0,Million cubic metres Per Day
NS,Total,reference,2036,0.2549502847,Million cubic metres Per Day
NT,Total,reference,2036,0,Million cubic metres Per Day
NU,Total,reference,2036,0,Million cubic metres Per Day
ON,Total,reference,2036,0,Million cubic metres Per Day
PE,Total,reference,2036,0,Million cubic metres Per Day
QC,Total,reference,2036,0,Million cubic metres Per Day
SK,Total,reference,2036,7.2802470185,Million cubic metres Per Day
YT,Total,reference,2036,0,Million cubic metres Per Day
all,Total,reference,2037,498.8527237189,Million cubic metres Per Day
AB,Total,reference,2037,282.0883261097,Million cubic metres Per Day
BC,Total,reference,2037,209.5124784,Million cubic metres Per Day
MB,Total,reference,2037,0,Million cubic metres Per Day
NB,Total,reference,2037,0,Million cubic metres Per Day
NL,Total,reference,2037,0,Million cubic metres Per Day
NS,Total,reference,2037,0.2266224753,Million cubic metres Per Day
NT,Total,reference,2037,0,Million cubic metres Per Day
NU,Total,reference,2037,0,Million cubic metres Per Day
ON,Total,reference,2037,0,Million cubic metres Per Day
PE,Total,reference,2037,0,Million cubic metres Per Day
QC,Total,reference,2037,0,Million cubic metres Per Day
SK,Total,reference,2037,7.0252967338,Million cubic metres Per Day
YT,Total,reference,2037,0,Million cubic metres Per Day
all,Total,reference,2038,499.7025580012,Million cubic metres Per Day
AB,Total,reference,2038,283.0514716297,Million cubic metres Per Day
BC,Total,reference,2038,209.7107730659,Million cubic metres Per Day
MB,Total,reference,2038,0,Million cubic metres Per Day
NB,Total,reference,2038,0,Million cubic metres Per Day
NL,Total,reference,2038,0,Million cubic metres Per Day
NS,Total,reference,2038,0.1982946659,Million cubic metres Per Day
NT,Total,reference,2038,0,Million cubic metres Per Day
NU,Total,reference,2038,0,Million cubic metres Per Day
ON,Total,reference,2038,0,Million cubic metres Per Day
PE,Total,reference,2038,0,Million cubic metres Per Day
QC,Total,reference,2038,0,Million cubic metres Per Day
SK,Total,reference,2038,6.7420186397,Million cubic metres Per Day
YT,Total,reference,2038,0,Million cubic metres Per Day
all,Total,reference,2039,500.8073425682,Million cubic metres Per Day
AB,Total,reference,2039,284.2978952438,Million cubic metres Per Day
BC,Total,reference,2039,209.8807399224,Million cubic metres Per Day
MB,Total,reference,2039,0,Million cubic metres Per Day
NB,Total,reference,2039,0,Million cubic metres Per Day
NL,Total,reference,2039,0,Million cubic metres Per Day
NS,Total,reference,2039,0.1699668565,Million cubic metres Per Day
NT,Total,reference,2039,0,Million cubic metres Per Day
NU,Total,reference,2039,0,Million cubic metres Per Day
ON,Total,reference,2039,0,Million cubic metres Per Day
PE,Total,reference,2039,0,Million cubic metres Per Day
QC,Total,reference,2039,0,Million cubic metres Per Day
SK,Total,reference,2039,6.4587405456,Million cubic metres Per Day
YT,Total,reference,2039,0,Million cubic metres Per Day
all,Total,reference,2040,501.827143707,Million cubic metres Per Day
AB,Total,reference,2040,285.5159910484,Million cubic metres Per Day
BC,Total,reference,2040,209.9657233506,Million cubic metres Per Day
MB,Total,reference,2040,0,Million cubic metres Per Day
NB,Total,reference,2040,0,Million cubic metres Per Day
NL,Total,reference,2040,0,Million cubic metres Per Day
NS,Total,reference,2040,0.1699668565,Million cubic metres Per Day
NT,Total,reference,2040,0,Million cubic metres Per Day
NU,Total,reference,2040,0,Million cubic metres Per Day
ON,Total,reference,2040,0,Million cubic metres Per Day
PE,Total,reference,2040,0,Million cubic metres Per Day
QC,Total,reference,2040,0,Million cubic metres Per Day
SK,Total,reference,2040,6.1754624515,Million cubic metres Per Day
YT,Total,reference,2040,0,Million cubic metres Per Day
all,Total,low,2005,482.1959717855,Million cubic metres Per Day
AB,Total,low,2005,374.6352794538,Million cubic metres Per Day
BC,Total,low,2005,74.3321718931,Million cubic metres Per Day
MB,Total,low,2005,0,Million cubic metres Per Day
NB,Total,low,2005,0.0566556188,Million cubic metres Per Day
NL,Total,low,2005,0,Million cubic metres Per Day
NS,Total,low,2005,10.9628622419,Million cubic metres Per Day
NT,Total,low,2005,1.1614401858,Million cubic metres Per Day
NU,Total,low,2005,0,Million cubic metres Per Day
ON,Total,low,2005,0.7081952353,Million cubic metres Per Day
PE,Total,low,2005,0,Million cubic metres Per Day
QC,Total,low,2005,0,Million cubic metres Per Day
SK,Total,low,2005,19.9144500156,Million cubic metres Per Day
YT,Total,low,2005,0.4249171412,Million cubic metres Per Day
all,Total,low,2006,484.575507776,Million cubic metres Per Day
AB,Total,low,2006,379.0260899125,Million cubic metres Per Day
BC,Total,low,2006,73.7656157049,Million cubic metres Per Day
MB,Total,low,2006,0,Million cubic metres Per Day
NB,Total,low,2006,0.0566556188,Million cubic metres Per Day
NL,Total,low,2006,0,Million cubic metres Per Day
NS,Total,low,2006,9.8864054843,Million cubic metres Per Day
NT,Total,low,2006,0.7081952353,Million cubic metres Per Day
NU,Total,low,2006,0,Million cubic metres Per Day
ON,Total,low,2006,0.7081952353,Million cubic metres Per Day
PE,Total,low,2006,0,Million cubic metres Per Day
QC,Total,low,2006,0,Million cubic metres Per Day
SK,Total,low,2006,20.1127446815,Million cubic metres Per Day
YT,Total,low,2006,0.3116059035,Million cubic metres Per Day
all,Total,low,2007,476.7570323787,Million cubic metres Per Day
AB,Total,low,2007,370.8960086117,Million cubic metres Per Day
BC,Total,low,2007,74.048893799,Million cubic metres Per Day
MB,Total,low,2007,0,Million cubic metres Per Day
NB,Total,low,2007,0.4249171412,Million cubic metres Per Day
NL,Total,low,2007,0,Million cubic metres Per Day
NS,Total,low,2007,11.246140336,Million cubic metres Per Day
NT,Total,low,2007,0.7081952353,Million cubic metres Per Day
NU,Total,low,2007,0,Million cubic metres Per Day
ON,Total,low,2007,0.5948839976,Million cubic metres Per Day
PE,Total,low,2007,0,Million cubic metres Per Day
QC,Total,low,2007,0,Million cubic metres Per Day
SK,Total,low,2007,18.6396985921,Million cubic metres Per Day
YT,Total,low,2007,0.1982946659,Million cubic metres Per Day
all,Total,low,2008,457.0125492196,Million cubic metres Per Day
AB,Total,low,2008,350.1600521232,Million cubic metres Per Day
BC,Total,low,2008,75.7485623637,Million cubic metres Per Day
MB,Total,low,2008,0,Million cubic metres Per Day
NB,Total,low,2008,0.7648508541,Million cubic metres Per Day
NL,Total,low,2008,0,Million cubic metres Per Day
NS,Total,low,2008,11.7277130959,Million cubic metres Per Day
NT,Total,low,2008,0.5099005694,Million cubic metres Per Day
NU,Total,low,2008,0,Million cubic metres Per Day
ON,Total,low,2008,0.5382283788,Million cubic metres Per Day
PE,Total,low,2008,0,Million cubic metres Per Day
QC,Total,low,2008,0,Million cubic metres Per Day
SK,Total,low,2008,17.4216027875,Million cubic metres Per Day
YT,Total,low,2008,0.1416390471,Million cubic metres Per Day
all,Total,low,2009,427.9482167644,Million cubic metres Per Day
AB,Total,low,2009,325.2032520325,Million cubic metres Per Day
BC,Total,low,2009,75.7202345543,Million cubic metres Per Day
MB,Total,low,2009,0,Million cubic metres Per Day
NB,Total,low,2009,0.6515396164,Million cubic metres Per Day
NL,Total,low,2009,0,Million cubic metres Per Day
NS,Total,low,2009,9.2065380584,Million cubic metres Per Day
NT,Total,low,2009,0.48157276,Million cubic metres Per Day
NU,Total,low,2009,0,Million cubic metres Per Day
ON,Total,low,2009,0.48157276,Million cubic metres Per Day
PE,Total,low,2009,0,Million cubic metres Per Day
QC,Total,low,2009,0,Million cubic metres Per Day
SK,Total,low,2009,16.0901957452,Million cubic metres Per Day
YT,Total,low,2009,0.1133112376,Million cubic metres Per Day
all,Total,low,2010,412.9628055862,Million cubic metres Per Day
AB,Total,low,2010,307.2717486757,Million cubic metres Per Day
BC,Total,low,2010,81.5557632928,Million cubic metres Per Day
MB,Total,low,2010,0,Million cubic metres Per Day
NB,Total,low,2010,0.5099005694,Million cubic metres Per Day
NL,Total,low,2010,0,Million cubic metres Per Day
NS,Total,low,2010,8.3567037761,Million cubic metres Per Day
NT,Total,low,2010,0.5287857757,Million cubic metres Per Day
NU,Total,low,2010,0,Million cubic metres Per Day
ON,Total,low,2010,0.4532449506,Million cubic metres Per Day
PE,Total,low,2010,0,Million cubic metres Per Day
QC,Total,low,2010,0,Million cubic metres Per Day
SK,Total,low,2010,14.2488881335,Million cubic metres Per Day
YT,Total,low,2010,0.0377704125,Million cubic metres Per Day
all,Total,low,2011,412.7645109204,Million cubic metres Per Day
AB,Total,low,2011,294.042661681,Million cubic metres Per Day
BC,Total,low,2011,97.1360584686,Million cubic metres Per Day
MB,Total,low,2011,0,Million cubic metres Per Day
NB,Total,low,2011,0.4532449506,Million cubic metres Per Day
NL,Total,low,2011,0,Million cubic metres Per Day
NS,Total,low,2011,7.1669357809,Million cubic metres Per Day
NT,Total,low,2011,0.48157276,Million cubic metres Per Day
NU,Total,low,2011,0,Million cubic metres Per Day
ON,Total,low,2011,0.4249171412,Million cubic metres Per Day
PE,Total,low,2011,0,Million cubic metres Per Day
QC,Total,low,2011,0,Million cubic metres Per Day
SK,Total,low,2011,13.0307923288,Million cubic metres Per Day
YT,Total,low,2011,0.0283278094,Million cubic metres Per Day
all,Total,low,2012,393.898189853,Million cubic metres Per Day
AB,Total,low,2012,277.7258434605,Million cubic metres Per Day
BC,Total,low,2012,97.4193365627,Million cubic metres Per Day
MB,Total,low,2012,0,Million cubic metres Per Day
NB,Total,low,2012,0.3399337129,Million cubic metres Per Day
NL,Total,low,2012,0,Million cubic metres Per Day
NS,Total,low,2012,5.4106115974,Million cubic metres Per Day
NT,Total,low,2012,0.4626875537,Million cubic metres Per Day
NU,Total,low,2012,0,Million cubic metres Per Day
ON,Total,low,2012,0.3965893317,Million cubic metres Per Day
PE,Total,low,2012,0,Million cubic metres Per Day
QC,Total,low,2012,0,Million cubic metres Per Day
SK,Total,low,2012,12.1243024277,Million cubic metres Per Day
YT,Total,low,2012,0.0188852063,Million cubic metres Per Day
all,Total,low,2013,397.7224441234,Million cubic metres Per Day
AB,Total,low,2013,274.4114897595,Million cubic metres Per Day
BC,Total,low,2013,105.7477125294,Million cubic metres Per Day
MB,Total,low,2013,0,Million cubic metres Per Day
NB,Total,low,2013,0.3116059035,Million cubic metres Per Day
NL,Total,low,2013,0,Million cubic metres Per Day
NS,Total,low,2013,4.8440554092,Million cubic metres Per Day
NT,Total,low,2013,0.3399337129,Million cubic metres Per Day
NU,Total,low,2013,0,Million cubic metres Per Day
ON,Total,low,2013,0.3399337129,Million cubic metres Per Day
PE,Total,low,2013,0,Million cubic metres Per Day
QC,Total,low,2013,0,Million cubic metres Per Day
SK,Total,low,2013,11.7277130959,Million cubic metres Per Day
YT,Total,low,2013,0,Million cubic metres Per Day
all,Total,low,2014,415.4556528144,Million cubic metres Per Day
AB,Total,low,2014,280.4169853545,Million cubic metres Per Day
BC,Total,low,2014,112.7730092632,Million cubic metres Per Day
MB,Total,low,2014,0,Million cubic metres Per Day
NB,Total,low,2014,0.2549502847,Million cubic metres Per Day
NL,Total,low,2014,0,Million cubic metres Per Day
NS,Total,low,2014,9.1215546302,Million cubic metres Per Day
NT,Total,low,2014,0.3116059035,Million cubic metres Per Day
NU,Total,low,2014,0,Million cubic metres Per Day
ON,Total,low,2014,0.2832780941,Million cubic metres Per Day
PE,Total,low,2014,0,Million cubic metres Per Day
QC,Total,low,2014,0,Million cubic metres Per Day
SK,Total,low,2014,12.2942692842,Million cubic metres Per Day
YT,Total,low,2014,0,Million cubic metres Per Day
all,Total,low,2015,424.1522903034,Million cubic metres Per Day
AB,Total,low,2015,279.1705617405,Million cubic metres Per Day
BC,Total,low,2015,126.5403246367,Million cubic metres Per Day
MB,Total,low,2015,0,Million cubic metres Per Day
NB,Total,low,2015,0.1699668565,Million cubic metres Per Day
NL,Total,low,2015,0,Million cubic metres Per Day
NS,Total,low,2015,5.4672672162,Million cubic metres Per Day
NT,Total,low,2015,0.2266224753,Million cubic metres Per Day
NU,Total,low,2015,0,Million cubic metres Per Day
ON,Total,low,2015,0.3116059035,Million cubic metres Per Day
PE,Total,low,2015,0,Million cubic metres Per Day
QC,Total,low,2015,0,Million cubic metres Per Day
SK,Total,low,2015,12.2659414747,Million cubic metres Per Day
YT,Total,low,2015,0,Million cubic metres Per Day
all,Total,low,2016,436.9281323475,Million cubic metres Per Day
AB,Total,low,2016,271.9469703408,Million cubic metres Per Day
BC,Total,low,2016,147.3895923628,Million cubic metres Per Day
MB,Total,low,2016,0,Million cubic metres Per Day
NB,Total,low,2016,0.1133112376,Million cubic metres Per Day
NL,Total,low,2016,0,Million cubic metres Per Day
NS,Total,low,2016,5.2406447409,Million cubic metres Per Day
NT,Total,low,2016,0.2266224753,Million cubic metres Per Day
NU,Total,low,2016,0,Million cubic metres Per Day
ON,Total,low,2016,0.2832780941,Million cubic metres Per Day
PE,Total,low,2016,0,Million cubic metres Per Day
QC,Total,low,2016,0,Million cubic metres Per Day
SK,Total,low,2016,11.7277130959,Million cubic metres Per Day
YT,Total,low,2016,0,Million cubic metres Per Day
all,Total,low,2017,422.8775388799,Million cubic metres Per Day
AB,Total,low,2017,263.0803659953,Million cubic metres Per Day
BC,Total,low,2017,143.3670434265,Million cubic metres Per Day
MB,Total,low,2017,0,Million cubic metres Per Day
NB,Total,low,2017,0.0566556188,Million cubic metres Per Day
NL,Total,low,2017,0,Million cubic metres Per Day
NS,Total,low,2017,4.759071981,Million cubic metres Per Day
NT,Total,low,2017,0.1699668565,Million cubic metres Per Day
NU,Total,low,2017,0,Million cubic metres Per Day
ON,Total,low,2017,0.2549502847,Million cubic metres Per Day
PE,Total,low,2017,0,Million cubic metres Per Day
QC,Total,low,2017,0,Million cubic metres Per Day
SK,Total,low,2017,11.1894847171,Million cubic metres Per Day
YT,Total,low,2017,0,Million cubic metres Per Day
all,Total,low,2018,406.5607206595,Million cubic metres Per Day
AB,Total,low,2018,253.3922551769,Million cubic metres Per Day
BC,Total,low,2018,138.1830543044,Million cubic metres Per Day
MB,Total,low,2018,0,Million cubic metres Per Day
NB,Total,low,2018,0.0283278094,Million cubic metres Per Day
NL,Total,low,2018,0,Million cubic metres Per Day
NS,Total,low,2018,3.9658933175,Million cubic metres Per Day
NT,Total,low,2018,0.1416390471,Million cubic metres Per Day
NU,Total,low,2018,0,Million cubic metres Per Day
ON,Total,low,2018,0.2266224753,Million cubic metres Per Day
PE,Total,low,2018,0,Million cubic metres Per Day
QC,Total,low,2018,0,Million cubic metres Per Day
SK,Total,low,2018,10.6229285289,Million cubic metres Per Day
YT,Total,low,2018,0,Million cubic metres Per Day
all,Total,low,2019,391.4619982437,Million cubic metres Per Day
AB,Total,low,2019,244.6106342597,Million cubic metres Per Day
BC,Total,low,2019,133.3389988952,Million cubic metres Per Day
MB,Total,low,2019,0,Million cubic metres Per Day
NB,Total,low,2019,0.0283278094,Million cubic metres Per Day
NL,Total,low,2019,0,Million cubic metres Per Day
NS,Total,low,2019,3.1443868446,Million cubic metres Per Day
NT,Total,low,2019,0.1133112376,Million cubic metres Per Day
NU,Total,low,2019,0,Million cubic metres Per Day
ON,Total,low,2019,0.1699668565,Million cubic metres Per Day
PE,Total,low,2019,0,Million cubic metres Per Day
QC,Total,low,2019,0,Million cubic metres Per Day
SK,Total,low,2019,10.0563723407,Million cubic metres Per Day
YT,Total,low,2019,0,Million cubic metres Per Day
all,Total,low,2020,377.8646497266,Million cubic metres Per Day
AB,Total,low,2020,236.8488144812,Million cubic metres Per Day
BC,Total,low,2020,128.8348771989,Million cubic metres Per Day
MB,Total,low,2020,0,Million cubic metres Per Day
NB,Total,low,2020,0,Million cubic metres Per Day
NL,Total,low,2020,0,Million cubic metres Per Day
NS,Total,low,2020,2.4078637999,Million cubic metres Per Day
NT,Total,low,2020,0.0849834282,Million cubic metres Per Day
NU,Total,low,2020,0,Million cubic metres Per Day
ON,Total,low,2020,0.1416390471,Million cubic metres Per Day
PE,Total,low,2020,0,Million cubic metres Per Day
QC,Total,low,2020,0,Million cubic metres Per Day
SK,Total,low,2020,9.5464717713,Million cubic metres Per Day
YT,Total,low,2020,0,Million cubic metres Per Day
all,Total,low,2021,376.9864876349,Million cubic metres Per Day
AB,Total,low,2021,229.9085011756,Million cubic metres Per Day
BC,Total,low,2021,136.6250247868,Million cubic metres Per Day
MB,Total,low,2021,0,Million cubic metres Per Day
NB,Total,low,2021,0,Million cubic metres Per Day
NL,Total,low,2021,0,Million cubic metres Per Day
NS,Total,low,2021,1.1897679952,Million cubic metres Per Day
NT,Total,low,2021,0.0566556188,Million cubic metres Per Day
NU,Total,low,2021,0,Million cubic metres Per Day
ON,Total,low,2021,0.1133112376,Million cubic metres Per Day
PE,Total,low,2021,0,Million cubic metres Per Day
QC,Total,low,2021,0,Million cubic metres Per Day
SK,Total,low,2021,9.0932268208,Million cubic metres Per Day
YT,Total,low,2021,0,Million cubic metres Per Day
all,Total,low,2022,383.3319169429,Million cubic metres Per Day
AB,Total,low,2022,225.659329764,Million cubic metres Per Day
BC,Total,low,2022,147.7861816946,Million cubic metres Per Day
MB,Total,low,2022,0,Million cubic metres Per Day
NB,Total,low,2022,0,Million cubic metres Per Day
NL,Total,low,2022,0,Million cubic metres Per Day
NS,Total,low,2022,1.0764567576,Million cubic metres Per Day
NT,Total,low,2022,0.0283278094,Million cubic metres Per Day
NU,Total,low,2022,0,Million cubic metres Per Day
ON,Total,low,2022,0.0849834282,Million cubic metres Per Day
PE,Total,low,2022,0,Million cubic metres Per Day
QC,Total,low,2022,0,Million cubic metres Per Day
SK,Total,low,2022,8.696637489,Million cubic metres Per Day
YT,Total,low,2022,0,Million cubic metres Per Day
all,Total,low,2023,387.2694824509,Million cubic metres Per Day
AB,Total,low,2023,222.3166482536,Million cubic metres Per Day
BC,Total,low,2023,155.6046570919,Million cubic metres Per Day
MB,Total,low,2023,0,Million cubic metres Per Day
NB,Total,low,2023,0,Million cubic metres Per Day
NL,Total,low,2023,0,Million cubic metres Per Day
NS,Total,low,2023,0.96314552,Million cubic metres Per Day
NT,Total,low,2023,0.0283278094,Million cubic metres Per Day
NU,Total,low,2023,0,Million cubic metres Per Day
ON,Total,low,2023,0.0566556188,Million cubic metres Per Day
PE,Total,low,2023,0,Million cubic metres Per Day
QC,Total,low,2023,0,Million cubic metres Per Day
SK,Total,low,2023,8.3000481573,Million cubic metres Per Day
YT,Total,low,2023,0,Million cubic metres Per Day
all,Total,low,2024,394.6913685165,Million cubic metres Per Day
AB,Total,low,2024,218.6057052208,Million cubic metres Per Day
BC,Total,low,2024,167.1907311408,Million cubic metres Per Day
MB,Total,low,2024,0,Million cubic metres Per Day
NB,Total,low,2024,0,Million cubic metres Per Day
NL,Total,low,2024,0,Million cubic metres Per Day
NS,Total,low,2024,0.8781620917,Million cubic metres Per Day
NT,Total,low,2024,0.0283278094,Million cubic metres Per Day
NU,Total,low,2024,0,Million cubic metres Per Day
ON,Total,low,2024,0.0283278094,Million cubic metres Per Day
PE,Total,low,2024,0,Million cubic metres Per Day
QC,Total,low,2024,0,Million cubic metres Per Day
SK,Total,low,2024,7.9601144444,Million cubic metres Per Day
YT,Total,low,2024,0,Million cubic metres Per Day
all,Total,low,2025,401.4617149656,Million cubic metres Per Day
AB,Total,low,2025,215.5746296139,Million cubic metres Per Day
BC,Total,low,2025,177.417070338,Million cubic metres Per Day
MB,Total,low,2025,0,Million cubic metres Per Day
NB,Total,low,2025,0,Million cubic metres Per Day
NL,Total,low,2025,0,Million cubic metres Per Day
NS,Total,low,2025,0.7931786635,Million cubic metres Per Day
NT,Total,low,2025,0.0283278094,Million cubic metres Per Day
NU,Total,low,2025,0,Million cubic metres Per Day
ON,Total,low,2025,0.0283278094,Million cubic metres Per Day
PE,Total,low,2025,0,Million cubic metres Per Day
QC,Total,low,2025,0,Million cubic metres Per Day
SK,Total,low,2025,7.6201807314,Million cubic metres Per Day
YT,Total,low,2025,0,Million cubic metres Per Day
all,Total,low,2026,404.5211183819,Million cubic metres Per Day
AB,Total,low,2026,213.0534545764,Million cubic metres Per Day
BC,Total,low,2026,183.3659103142,Million cubic metres Per Day
MB,Total,low,2026,0,Million cubic metres Per Day
NB,Total,low,2026,0,Million cubic metres Per Day
NL,Total,low,2026,0,Million cubic metres Per Day
NS,Total,low,2026,0.7081952353,Million cubic metres Per Day
NT,Total,low,2026,0,Million cubic metres Per Day
NU,Total,low,2026,0,Million cubic metres Per Day
ON,Total,low,2026,0.0283278094,Million cubic metres Per Day
PE,Total,low,2026,0,Million cubic metres Per Day
QC,Total,low,2026,0,Million cubic metres Per Day
SK,Total,low,2026,7.3652304467,Million cubic metres Per Day
YT,Total,low,2026,0,Million cubic metres Per Day
all,Total,low,2027,403.7562675278,Million cubic metres Per Day
AB,Total,low,2027,211.3254582023,Million cubic metres Per Day
BC,Total,low,2027,184.7256451659,Million cubic metres Per Day
MB,Total,low,2027,0,Million cubic metres Per Day
NB,Total,low,2027,0,Million cubic metres Per Day
NL,Total,low,2027,0,Million cubic metres Per Day
NS,Total,low,2027,0.623211807,Million cubic metres Per Day
NT,Total,low,2027,0,Million cubic metres Per Day
NU,Total,low,2027,0,Million cubic metres Per Day
ON,Total,low,2027,0,Million cubic metres Per Day
PE,Total,low,2027,0,Million cubic metres Per Day
QC,Total,low,2027,0,Million cubic metres Per Day
SK,Total,low,2027,7.0819523526,Million cubic metres Per Day
YT,Total,low,2027,0,Million cubic metres Per Day
all,Total,low,2028,401.7166652503,Million cubic metres Per Day
AB,Total,low,2028,210.1640180165,Million cubic metres Per Day
BC,Total,low,2028,184.1874167871,Million cubic metres Per Day
MB,Total,low,2028,0,Million cubic metres Per Day
NB,Total,low,2028,0,Million cubic metres Per Day
NL,Total,low,2028,0,Million cubic metres Per Day
NS,Total,low,2028,0.5665561882,Million cubic metres Per Day
NT,Total,low,2028,0,Million cubic metres Per Day
NU,Total,low,2028,0,Million cubic metres Per Day
ON,Total,low,2028,0,Million cubic metres Per Day
PE,Total,low,2028,0,Million cubic metres Per Day
QC,Total,low,2028,0,Million cubic metres Per Day
SK,Total,low,2028,6.7986742585,Million cubic metres Per Day
YT,Total,low,2028,0,Million cubic metres Per Day
all,Total,low,2029,400.5835528739,Million cubic metres Per Day
AB,Total,low,2029,209.5974618283,Million cubic metres Per Day
BC,Total,low,2029,183.904138693,Million cubic metres Per Day
MB,Total,low,2029,0,Million cubic metres Per Day
NB,Total,low,2029,0,Million cubic metres Per Day
NL,Total,low,2029,0,Million cubic metres Per Day
NS,Total,low,2029,0.5099005694,Million cubic metres Per Day
NT,Total,low,2029,0,Million cubic metres Per Day
NU,Total,low,2029,0,Million cubic metres Per Day
ON,Total,low,2029,0,Million cubic metres Per Day
PE,Total,low,2029,0,Million cubic metres Per Day
QC,Total,low,2029,0,Million cubic metres Per Day
SK,Total,low,2029,6.5720517832,Million cubic metres Per Day
YT,Total,low,2029,0,Million cubic metres Per Day
all,Total,low,2030,400.3569303986,Million cubic metres Per Day
AB,Total,low,2030,209.6541174471,Million cubic metres Per Day
BC,Total,low,2030,183.904138693,Million cubic metres Per Day
MB,Total,low,2030,0,Million cubic metres Per Day
NB,Total,low,2030,0,Million cubic metres Per Day
NL,Total,low,2030,0,Million cubic metres Per Day
NS,Total,low,2030,0.4532449506,Million cubic metres Per Day
NT,Total,low,2030,0,Million cubic metres Per Day
NU,Total,low,2030,0,Million cubic metres Per Day
ON,Total,low,2030,0,Million cubic metres Per Day
PE,Total,low,2030,0,Million cubic metres Per Day
QC,Total,low,2030,0,Million cubic metres Per Day
SK,Total,low,2030,6.345429308,Million cubic metres Per Day
YT,Total,low,2030,0,Million cubic metres Per Day
all,Total,low,2031,400.6685363021,Million cubic metres Per Day
AB,Total,low,2031,209.6824452565,Million cubic metres Per Day
BC,Total,low,2031,184.4423670718,Million cubic metres Per Day
MB,Total,low,2031,0,Million cubic metres Per Day
NB,Total,low,2031,0,Million cubic metres Per Day
NL,Total,low,2031,0,Million cubic metres Per Day
NS,Total,low,2031,0.4249171412,Million cubic metres Per Day
NT,Total,low,2031,0,Million cubic metres Per Day
NU,Total,low,2031,0,Million cubic metres Per Day
ON,Total,low,2031,0,Million cubic metres Per Day
PE,Total,low,2031,0,Million cubic metres Per Day
QC,Total,low,2031,0,Million cubic metres Per Day
SK,Total,low,2031,6.1188068327,Million cubic metres Per Day
YT,Total,low,2031,0,Million cubic metres Per Day
all,Total,low,2032,401.1217812527,Million cubic metres Per Day
AB,Total,low,2032,210.3623126824,Million cubic metres Per Day
BC,Total,low,2032,184.5273505,Million cubic metres Per Day
MB,Total,low,2032,0,Million cubic metres Per Day
NB,Total,low,2032,0,Million cubic metres Per Day
NL,Total,low,2032,0,Million cubic metres Per Day
NS,Total,low,2032,0.3682615223,Million cubic metres Per Day
NT,Total,low,2032,0,Million cubic metres Per Day
NU,Total,low,2032,0,Million cubic metres Per Day
ON,Total,low,2032,0,Million cubic metres Per Day
PE,Total,low,2032,0,Million cubic metres Per Day
QC,Total,low,2032,0,Million cubic metres Per Day
SK,Total,low,2032,5.863856548,Million cubic metres Per Day
YT,Total,low,2032,0,Million cubic metres Per Day
all,Total,low,2033,402.3115492479,Million cubic metres Per Day
AB,Total,low,2033,211.0705079176,Million cubic metres Per Day
BC,Total,low,2033,185.2638735447,Million cubic metres Per Day
MB,Total,low,2033,0,Million cubic metres Per Day
NB,Total,low,2033,0,Million cubic metres Per Day
NL,Total,low,2033,0,Million cubic metres Per Day
NS,Total,low,2033,0.3399337129,Million cubic metres Per Day
NT,Total,low,2033,0,Million cubic metres Per Day
NU,Total,low,2033,0,Million cubic metres Per Day
ON,Total,low,2033,0,Million cubic metres Per Day
PE,Total,low,2033,0,Million cubic metres Per Day
QC,Total,low,2033,0,Million cubic metres Per Day
SK,Total,low,2033,5.6372340727,Million cubic metres Per Day
YT,Total,low,2033,0,Million cubic metres Per Day
all,Total,low,2034,404.0962012408,Million cubic metres Per Day
AB,Total,low,2034,212.4019149599,Million cubic metres Per Day
BC,Total,low,2034,186.0003965893,Million cubic metres Per Day
MB,Total,low,2034,0,Million cubic metres Per Day
NB,Total,low,2034,0,Million cubic metres Per Day
NL,Total,low,2034,0,Million cubic metres Per Day
NS,Total,low,2034,0.3116059035,Million cubic metres Per Day
NT,Total,low,2034,0,Million cubic metres Per Day
NU,Total,low,2034,0,Million cubic metres Per Day
ON,Total,low,2034,0,Million cubic metres Per Day
PE,Total,low,2034,0,Million cubic metres Per Day
QC,Total,low,2034,0,Million cubic metres Per Day
SK,Total,low,2034,5.382283788,Million cubic metres Per Day
YT,Total,low,2034,0,Million cubic metres Per Day
all,Total,low,2035,405.2009858078,Million cubic metres Per Day
AB,Total,low,2035,213.9316166681,Million cubic metres Per Day
BC,Total,low,2035,185.8304297329,Million cubic metres Per Day
MB,Total,low,2035,0,Million cubic metres Per Day
NB,Total,low,2035,0,Million cubic metres Per Day
NL,Total,low,2035,0,Million cubic metres Per Day
NS,Total,low,2035,0.2832780941,Million cubic metres Per Day
NT,Total,low,2035,0,Million cubic metres Per Day
NU,Total,low,2035,0,Million cubic metres Per Day
ON,Total,low,2035,0,Million cubic metres Per Day
PE,Total,low,2035,0,Million cubic metres Per Day
QC,Total,low,2035,0,Million cubic metres Per Day
SK,Total,low,2035,5.1556613127,Million cubic metres Per Day
YT,Total,low,2035,0,Million cubic metres Per Day
all,Total,low,2036,407.1272768477,Million cubic metres Per Day
AB,Total,low,2036,215.7162686609,Million cubic metres Per Day
BC,Total,low,2036,186.1986912552,Million cubic metres Per Day
MB,Total,low,2036,0,Million cubic metres Per Day
NB,Total,low,2036,0,Million cubic metres Per Day
NL,Total,low,2036,0,Million cubic metres Per Day
NS,Total,low,2036,0.2549502847,Million cubic metres Per Day
NT,Total,low,2036,0,Million cubic metres Per Day
NU,Total,low,2036,0,Million cubic metres Per Day
ON,Total,low,2036,0,Million cubic metres Per Day
PE,Total,low,2036,0,Million cubic metres Per Day
QC,Total,low,2036,0,Million cubic metres Per Day
SK,Total,low,2036,4.9573666468,Million cubic metres Per Day
YT,Total,low,2036,0,Million cubic metres Per Day
all,Total,low,2037,409.3368459817,Million cubic metres Per Day
AB,Total,low,2037,217.7558709385,Million cubic metres Per Day
BC,Total,low,2037,186.5669527775,Million cubic metres Per Day
MB,Total,low,2037,0,Million cubic metres Per Day
NB,Total,low,2037,0,Million cubic metres Per Day
NL,Total,low,2037,0,Million cubic metres Per Day
NS,Total,low,2037,0.2266224753,Million cubic metres Per Day
NT,Total,low,2037,0,Million cubic metres Per Day
NU,Total,low,2037,0,Million cubic metres Per Day
ON,Total,low,2037,0,Million cubic metres Per Day
PE,Total,low,2037,0,Million cubic metres Per Day
QC,Total,low,2037,0,Million cubic metres Per Day
SK,Total,low,2037,4.7873997904,Million cubic metres Per Day
YT,Total,low,2037,0,Million cubic metres Per Day
all,Total,low,2038,412.4812328263,Million cubic metres Per Day
AB,Total,low,2038,220.1070791196,Million cubic metres Per Day
BC,Total,low,2038,187.6150817257,Million cubic metres Per Day
MB,Total,low,2038,0,Million cubic metres Per Day
NB,Total,low,2038,0,Million cubic metres Per Day
NL,Total,low,2038,0,Million cubic metres Per Day
NS,Total,low,2038,0.1982946659,Million cubic metres Per Day
NT,Total,low,2038,0,Million cubic metres Per Day
NU,Total,low,2038,0,Million cubic metres Per Day
ON,Total,low,2038,0,Million cubic metres Per Day
PE,Total,low,2038,0,Million cubic metres Per Day
QC,Total,low,2038,0,Million cubic metres Per Day
SK,Total,low,2038,4.5607773151,Million cubic metres Per Day
YT,Total,low,2038,0,Million cubic metres Per Day
all,Total,low,2039,416.2488314779,Million cubic metres Per Day
AB,Total,low,2039,222.96818787,Million cubic metres Per Day
BC,Total,low,2039,188.7481941022,Million cubic metres Per Day
MB,Total,low,2039,0,Million cubic metres Per Day
NB,Total,low,2039,0,Million cubic metres Per Day
NL,Total,low,2039,0,Million cubic metres Per Day
NS,Total,low,2039,0.1699668565,Million cubic metres Per Day
NT,Total,low,2039,0,Million cubic metres Per Day
NU,Total,low,2039,0,Million cubic metres Per Day
ON,Total,low,2039,0,Million cubic metres Per Day
PE,Total,low,2039,0,Million cubic metres Per Day
QC,Total,low,2039,0,Million cubic metres Per Day
SK,Total,low,2039,4.3624826492,Million cubic metres Per Day
YT,Total,low,2039,0,Million cubic metres Per Day
all,Total,low,2040,420.5263306988,Million cubic metres Per Day
AB,Total,low,2040,226.1975581428,Million cubic metres Per Day
BC,Total,low,2040,190.0229455256,Million cubic metres Per Day
MB,Total,low,2040,0,Million cubic metres Per Day
NB,Total,low,2040,0,Million cubic metres Per Day
NL,Total,low,2040,0,Million cubic metres Per Day
NS,Total,low,2040,0.1699668565,Million cubic metres Per Day
NT,Total,low,2040,0,Million cubic metres Per Day
NU,Total,low,2040,0,Million cubic metres Per Day
ON,Total,low,2040,0,Million cubic metres Per Day
PE,Total,low,2040,0,Million cubic metres Per Day
QC,Total,low,2040,0,Million cubic metres Per Day
SK,Total,low,2040,4.1358601739,Million cubic metres Per Day
YT,Total,low,2040,0,Million cubic metres Per Day